Description,Size,Code,Price
korpus,100x58x236,80458207,25
korpus,100x35x201,30458196,25
korpus,100x35x236,70458199,25
korpus,100x58x201,70458203,25
korpus,100x58x236,20458205,25
korpus,100x58x201,10458201,25
korpus,100x58x236,60458208,25
korpus,100x35x236,00458206,25
korpus,100x58x201,50458204,25
korpus,50x58x236,90458221,25
korpus,50x58x201,70458217,25
korpus,50x35x236,60458213,25
korpus,50x35x201,20458210,25
korpus,50x58x236,30458219,25
korpus,50x58x201,10458215,25
korpus,50x58x236,70458222,25
korpus,50x58x236,10458220,25
korpus,50x58x201,50458218,25
korpus,75x58x236,90458235,25
korpus,75x58x236,20458234,25
korpus,75x58x201,80458231,25
korpus,75x35x236,60458227,25
korpus,75x35x201,30458224,25
korpus,75x58x236,40458233,25
korpus,75x58x201,20458229,25
korpus,75x58x236,70458236,25
korpus,75x58x201,60458232,25
korpus,50x58x201,90458216,25
Eckanbauelement/4 Böden,53x58x236 cm,30346934,40
Eckanbauelement/4 Böden,53x58x201,70346932,40
Eckanbauelement/4 Böden,53x35x236,80346941,40
Eckanbauelement/4 Böden,53x35x201,40346938,40
Eckanbauelement/4 Böden,53x58x236,20515121,40
Eckanbauelement/4 Böden,53x58x201,60515119,40
beleuchtung,96,20474903,8
beleuchtung,standard,00516819,8
beleuchtung,standard,60527891,8
beleuchtung,72,90360093,8
beleuchtung,96,00474904,8
beleuchtung,96,30474907,8
beleuchtung,standard,60516821,8
beleuchtung,60,10529374,8
beleuchtung,60,50529230,8
beleuchtung,standard,90519917,8
beleuchtung,96,20589536,8
beleuchtung,96,50589549,8
beleuchtung,71,20589485,8
beleuchtung,71,80589519,8
beleuchtung,46,00589269,8
beleuchtung,46,70589416,8
boden,100x58,70277957,3
boden,100x35,00277989,3
boden,75x58,90277961,3
boden,75x35,70277995,3
boden,50x58,30277959,3
boden,50x35,40277992,3
boden,100x58,60509142,3
boden,100x58,40509039,3
boden,75x58,10509149,3
boden,75x58,70509047,3
boden,50x58,90509145,3
boden,100x58,10277984,3
boden,75x58,50277977,3
boden,50x58,70277981,3
boden,50x58,60509043,3
schublade,100x58,90246352,10
schublade,100x58,50509072,10
schublade,100x58,20509083,10
schublade,100x35,70246758,10
schublade,75x58,10246332,10
schublade,75x35,70246744,10
schublade,50x58,10246308,10
schublade,50x35,30246722,10
schublade,100x58,90509193,10
schublade,75x58,60509199,10
schublade,75x58,90509089,10
schublade,50x58,20509196,10
schublade,100x58,70246348,10
schublade,75x58,90246328,10
schublade,50x58,50246306,10
schublade,50x58,60509076,10
Netzdrahtkorb,100x58,00257298,3
Netzdrahtkorb,100x35,90257294,3
Netzdrahtkorb,75x58,20257315,3
Netzdrahtkorb,75x35,10257311,3
Netzdrahtkorb,50x58,10257306,3
Netzdrahtkorb,50x35,00257302,3
Netzdrahtkorb,100x58,40257296,3
Netzdrahtkorb,75x58,70257313,3
Netzdrahtkorb,50x58,60257304,3
Netzdrahtkorb,100x58,60257323,3
Netzdrahtkorb,75x58,20257339,3
Netzdrahtkorb,50x58,90257331,3
Netzdrahtkorb,100x58,00257321,3
Netzdrahtkorb,75x58,60257337,3
Netzdrahtkorb,50x58,30257329,3
Ausziehboden,100x58,70246386,3
Ausziehboden,100x58,40509096,3
Ausziehboden,100x35,20433984,3
Ausziehboden,75x58,30246374,3
Ausziehboden,75x35,90433990,3
Ausziehboden,50x58,20246360,3
Ausziehboden,50x35,50433987,3
Ausziehboden,100x58,80509184,3
Ausziehboden,75x58,50509190,3
Ausziehboden,50x58,10509187,3
Ausziehboden,100x58,30246388,3
Ausziehboden,75x58,80246376,3
Ausziehboden,50x58,00246356,3
Ausziehboden,50x58,80509099,3
Kleiderstange,100,30256891,2
Kleiderstange,75,40256895,2
Kleiderstange,50,90256893,2
Kleiderstange,100,80256940,2
Kleiderstange,75,00256944,2
Kleiderstange,50,40256942,2
Trenner L,75-100x58,00509215,7
Trenner L,75-100x58,60246396,7
Trenner L,75-100x58,20246402,7
Glaseinlegeboden,100x58,70257638,3
Glaseinlegeboden,75x58,80257647,3
Glaseinlegeboden,50x58,00257646,3
Glaseinlegeboden,100x58,30509153,3
Glaseinlegeboden,100x58,70509113,3
Glaseinlegeboden,75x58,00509159,3
Glaseinlegeboden,50x58,60509156,3
Glaseinlegeboden,100x58,60257648,3
Glaseinlegeboden,75x58,10257660,3
Glaseinlegeboden,75x58,40509119,3
Glaseinlegeboden,50x58,40257654,3
Kleiderstange,100x35,10446449,3
Kleiderstange,75x35,80446455,3
Kleiderstange,50x35,50446452,3
Schublade mit Glasfront,100x58,20246708,10
Schublade mit Glasfront,75x58,10246695,10
Schublade mit Glasfront,50x58,70246683,10
Schublade mit Glasfront,100x58,00246714,10
Schublade mit Glasfront,75x58,50246702,10
Schublade mit Glasfront,50x58,10246681,10
Schublade mit Glasfront,100x58,80509202,10
Schublade mit Glasfront,75x58,50509208,10
Schublade mit Glasfront,50x58,10509205,10
Hosenaufhängung ausziehbar,100x58,00446534,3
Hosenaufhängung ausziehbar,100x35,60446545,3
Hosenaufhängung ausziehbar,75x58,70446540,3
Hosenaufhängung ausziehbar,75x35,20446552,3
Hosenaufhängung ausziehbar,50x58,30446537,3
Hosenaufhängung ausziehbar,50x35,80446549,3
Hosenaufhängung ausziehbar,100x58,10509173,3
Hosenaufhängung ausziehbar,75x58,40509181,3
Hosenaufhängung ausziehbar,50x58,20509177,3
Hosenaufhängung ausziehbar,100x58,70446502,3
Hosenaufhängung ausziehbar,75x58,40446508,3
Hosenaufhängung ausziehbar,50x58,00446505,3
Hosenaufhängung ausziehbar,100x58,60509062,3
Scharnier,Standard,30214504,0
Auszugschienen für Körbe,58,30263245,0
Auszugschienen für Körbe,35,60263244,0
Auszugschienen für Körbe,58,10263232,0
Hakenleiste,58,80262489,3
Hakenleiste,35,30256909,3
Hakenleiste,58,20262487,3
"Schuhregal, ausziehbar",100x58,00257463,10
"Schuhregal, ausziehbar",75x58,30257466,10
"Schuhregal, ausziehbar",50x58,80257464,10
"Schuhregal, ausziehbar",100x58,10257467,10
"Schuhregal, ausziehbar",75x58,30257471,10
"Schuhregal, ausziehbar",50x58,70257469,10
Ausziehboden mit Einsatz,100x58,49249532,0
Ausziehboden mit Einsatz,100x58,09437035,0
Ausziehboden mit Einsatz,100x58,09249529,0
Schublade mit Frontrahmen,100x58,50446598,9
Schublade mit Frontrahmen,100x35,40446589,9
Schublade mit Frontrahmen,75x58,10446604,9
Schublade mit Frontrahmen,75x35,10446595,9
Schublade mit Frontrahmen,50x58,70446601,9
Schublade mit Frontrahmen,50x35,80446592,9
Schublade mit Frontrahmen,100x58,80509513,9
Schublade mit Frontrahmen,75x58,50509519,9
Schublade mit Frontrahmen,50x58,10509516,9
Box 4er-Set,40x54,99260838,0
Abdeckkappe,NA,70567933,0
Abdeckkappe,NA,50567934,0
Schuhregal,100x35,50257253,3
Schuhregal,75x35,80257261,3
Schuhregal,50x35,60257257,3
Schuhregal,100x35,90257251,3
Schuhregal,75x35,20257259,3
Schuhregal,50x35,00257255,3
Trenner T,100x58,00246417,7
Trenner T,100x58,40509218,7
Trenner T,100x58,60246419,7
Schutzmatte,90x53,30405565,0
Trennsteg für Ausziehboden,100x58,70466793,0
Schublade mit Glasfrontrahmen,100x58,90447020,10
Schublade mit Glasfrontrahmen,100x35,80447011,10
Schublade mit Glasfrontrahmen,75x58,60447026,10
Schublade mit Glasfrontrahmen,75x35,50447017,10
Schublade mit Glasfrontrahmen,50x58,30447023,10
Schublade mit Glasfrontrahmen,50x35,20447014,10
Schublade mit Glasfrontrahmen,100x58,50509656,10
Schublade mit Glasfrontrahmen,75x58,90509664,10
Schublade mit Glasfrontrahmen,50x58,90509659,10
Scharnier,Standard,00214505,0
Ausziehboden mit Trennsteg,100x58,89331997,0
Ausziehboden mit Trennsteg,75x58,19332009,0
Ausziehboden mit Trennsteg,50x58,49332003,0
Ausziehboden mit Trennsteg,100x58,89437060,0
Ausziehboden mit Trennsteg,75x58,59437066,0
Ausziehboden mit Trennsteg,50x58,29437063,0
Ausziehboden mit Trennsteg,100x58,39332013,0
Ausziehboden mit Trennsteg,75x58,69332021,0
Ausziehboden mit Trennsteg,50x58,49332017,0
Schuheinsatz für Ausziehboden,100x35,10446557,0
Schuheinsatz für Ausziehboden,75x35,90446563,0
Schuheinsatz für Ausziehboden,50x35,50446560,0
Box 8er-Set,90x54,79260844,0
Schmuckeinsatz,25x53x5,30404028,0
Box,25x27x12,40405777,0
Einsatz für Ausziehboden,50x58,69277840,0
Box,15x27x12,10404053,0
Einsatz für Ausziehboden,100x58,09277843,0
Ausziehboden mit Schubladenmatte,100x58,69554955,0
Ausziehboden mit Schubladenmatte,75x58,09554977,0
Ausziehboden mit Schubladenmatte,50x58,39554966,0
Ausziehboden mit Schubladenmatte,100x58,19554953,0
Ausziehboden mit Schubladenmatte,75x58,49554975,0
Ausziehboden mit Schubladenmatte,50x58,89554964,0
Ausziehboden mit Schubladenmatte,100x58,29554957,0
Ausziehboden mit Schubladenmatte,75x58,69554979,0
Ausziehboden mit Schubladenmatte,50x58,99554968,0
"Einsatz, 4 Fächer",25x53x5,50404032,0
Aufhänger,Standard,60387211,0
"Einsatz, 4 Fächer",15x53x5,70404026,0
Einsatz mit Fach,40x53x5,50404027,0
Ausziehboden mit Einsatz,100x58,49249363,0
Ausziehboden mit Einsatz,100x58,49437000,0
Ausziehboden mit Einsatz,100x58,69249480,0
Ausziehboden mit Schuheinsatz,100x58,29332075,0
Ausziehboden mit Schuheinsatz,100x35,39332112,0
Ausziehboden mit Schuheinsatz,75x58,89332100,0
Ausziehboden mit Schuheinsatz,75x35,59332130,0
Ausziehboden mit Schuheinsatz,50x58,79332087,0
Ausziehboden mit Schuheinsatz,50x35,49332121,0
Ausziehboden mit Schuheinsatz,100x58,39437029,0
Ausziehboden mit Schuheinsatz,75x58,79437027,0
Ausziehboden mit Schuheinsatz,50x58,59437028,0
Ausziehboden mit Schuheinsatz,100x58,69332078,0
Ausziehboden mit Schuheinsatz,75x58,29332103,0
Ausziehboden mit Schuheinsatz,50x58,19332090,0
Scharnier sanft schli Eckelement,Standard,50368492,0
Ausziehboden mit Einsatz,50x58,19249369,0
Ausziehboden mit Einsatz,50x58,69437056,0
Ausziehboden mit Einsatz,50x58,99249474,0
Ausziehboden mit Einsatz,50x58,29249514,0
Ausziehboden mit Einsatz,50x58,99437050,0
Ausziehboden mit Einsatz,50x58,19249519,0
Schutzmatte,90x53,50465389,0
Einsatz für Ausziehboden,100x58,69277835,0
Scharnier sanft schli Eckelement,Standard,10368489,0
Schuheinsatz für Ausziehboden,100x58,19332066,0
Schuheinsatz für Ausziehboden,75x58,89332063,0
Schuheinsatz für Ausziehboden,50x58,49332060,0
Ausziehboden mit Einsatz,75x58,89249375,0
Ausziehboden mit Einsatz,75x58,39437053,0
Ausziehboden mit Einsatz,75x58,19249487,0
Einsatz für Ausziehboden,75x58,69277816,0
Ausziehboden mit Einsatz,75x58,99249501,0
Ausziehboden mit Einsatz,75x58,19555448,0
Ausziehboden mit Einsatz,75x58,79249494,0
Aufhänger,17x5,70256931,2
Aufhänger,17x5,60257182,2
türen,50x229,99181068,12
türen,50x195,39181066,12
türen,50x229,50552503,12
türen,50x195,90552501,12
türen,50x229,10552500,12
türen,50x195,70552502,12
türen,50x229,80580665,12
türen,50x195,40580667,12
türen,50x229,60580666,12
türen,50x195,10580664,12
türen,50x229,10431891,12
türen,50x195,90431892,12
türen,50x229,69016485,12
türen,50x195,19016483,12
türen,50x229,49571705,12
türen,50x195,99571703,12
türen,50x229,59571700,12
türen,50x195,39571697,12
türen,50x229,10311577,12
türen,50x195,00311573,12
türen,50x229,99571717,12
türen,50x195,69571714,12
türen,50x229,09571712,12
türen,50x195,69571709,12
türen,50x229,09122851,12
türen,50x195,49122849,12
türen,50x229,30478953,12
türen,50x195,50478952,12
türen,50x229,90269051,12
türen,50x195,10269050,12
türen,50x229,89553059,12
türen,50x195,49553056,12
türen,50x229,19297384,12
türen,50x195,39297383,12
türen,50x229,79122824,12
türen,50x195,89122828,12
türen,50x229,89387404,12
türen,50x195,09387403,12
türen,50x229,60391091,12
türen,50x195,40391092,12
türen,25x229,80423604,12
türen,25x195,20423602,12
türen,50x229,90510931,12
türen,50x195,90510926,12
türen,50x229,30434964,12
türen,50x195,90434961,12
türen,25x229,80484881,12
türen,25x195,00484880,12
türen,50x229,50510928,12
türen,50x195,40510924,12
türen,50x229,30160407,12
türen,50x195,20207410,12
türen,50x229,50510947,12
türen,50x195,90510945,12
türen,50x229,50160406,12
türen,50x195,70207403,12
türen,50x229,90473014,12
türen,50x195,60473015,12
türen,50x229,20510939,12
türen,50x195,60510937,12
türen,50x229,90343466,12
türen,50x195,40343464,12
türen,50x229,80435188,12
türen,50x195,20435186,12
türen,50x229,80190529,12
türen,50x195,90190524,12
türen,25x229,50344627,12
türen,25x195,70344626,12
türen,50x229,30485802,12
türen,50x195,70484891,12
türen,50x229,50330606,12
türen,50x195,60330620,12
türen,50x229,30484893,12
türen,50x195,50484892,12
türen,50x229,30330607,12
türen,50x195,40330621,12
türen,50x229,69244312,12
türen,50x195,09244310,12
türen,25x229,29279474,12
türen,25x195,69279472,12
türen,50x229,99284306,12
türen,50x195,49284304,12
türen,25x229,39387425,12
türen,25x195,69387424,12
türen,50x229,79436259,12
türen,50x195,19436257,12
türen,50x229,89436254,12
türen,50x195,29436252,12
türen,50x229,80410055,12
türen,50x195,80331930,12
türen,25x229,00414830,12
türen,25x195,20414829,12
türen,50x229,60344735,12
türen,50x195,00344743,12
türen,50x229,80329197,12
türen,50x195,20329195,12
türen,50x229,40298126,12
türen,50x195,90298124,12
türen,50x229,80449114,12
türen,50x195,10458550,12
türen,50x229,90510243,12
türen,50x195,70510244,12
türen,50x229,90510262,12
türen,50x195,50510259,12
türen,50x229,30510255,12
türen,50x195,00510252,12
türen,50x229,90373793,12
türen,50x195,30373791,12
türen,50x229,60473138,12
türen,50x195,00473141,12
türen,50x229,79177703,12
türen,50x195,19177701,12
türen,50x229,79177736,12
türen,50x195,29177734,12
türen,50x229,59385524,12
türen,50x195,99385522,12
türen,50x229,29385525,12
türen,50x195,79385523,12
türen,50x229,79904190,12
türen,50x195,99904189,12
türen,25x229,39188176,12
türen,25x195,89188174,12
türen,50x229,89904180,12
türen,50x195,29904178,12
türen,50x229,09436248,12
türen,50x195,49436246,12
türen,50x229,09904179,12
türen,50x195,49904177,12
türen,50x229,19332151,12
türen,50x195,59332149,12
türen,50x229,19436243,12
türen,50x195,79436240,12
türen,50x229,39281725,12
türen,50x195,09281722,12
türen,25x229,69281719,12
türen,25x195,29281716,12
türen,50x229,99553049,12
türen,50x195,59553046,12
türen,50x229,09553044,12
türen,50x195,69553041,12
türen,50x229,89302990,12
türen,50x195,69302991,12
türen,50x229,29171949,12
türen,50x195,69171947,12
türen,50x229,19090251,12
türen,50x195,39090250,12
türen,50x229,49302992,12
türen,50x195,99305403,12
türen,50x229,19553034,12
türen,50x195,79553031,12
türen,50x229,99553054,12
türen,50x195,59553051,12
türen,50x229,89553040,12
türen,50x195,29553038,12
türen,50x229,10584370,12
türen,50x195,10584365,12
türen,50x229,90584371,12
türen,50x195,40584364,12
türen,50x229,59183583,12
türen,50x195,99183581,12
türen,50x229,19332194,12
türen,50x195,59332192,12
türen,50x229,80568550,12
türen,50x195,00568549,12
türen,50x229,50311561,12
türen,50x195,70311560,12
türen,50x229,00449113,12
türen,50x195,00452247,12
türen,50x229,39239779,12
türen,50x195,79239777,12
türen,50x229,79335910,12
türen,50x195,19335908,12
Abdeckkappe,NA,00226315,0
Abdeckkappe,NA,80226316,0
Knopf,37 mm,50434294,0
Aufbewahrungstasche,44x51x19,20503910,0
Aufbewahrungstasche,69x51x19,70503917,0
Aufbewahrungstasche,34x51x28,90503916,0
Aufbewahrungstasche,34x51x19,90503921,0
Bohrschablone,Standard,90323393,0
Treiber für kabellose Steuerung,10 W,50356187,0
Anschlusskabel,35 m,50446881,0
Knopf,21 mm,90588005,0
Knopf,21 mm,90338417,0
Knopf,20 mm,10338416,0
Knopf,20 mm,80338408,0
Knopf,21 mm,00338412,0
Knopf,21 mm,90338422,0
Knopf,20 mm,10338421,0
Knopf,13 mm,30338420,0
Knopf,21 mm,20588004,0
Knopf,21 mm,70588006,0
Knopf,15 mm,60408685,0
beleuchtung,71 cm,40474902,8
beleuchtung,46 cm,30435355,8
beleuchtung,46 cm,70474905,8
beleuchtung,71 cm,50474906,8
Rahmen f Schiebetürpaar mit Schiene,150x236,20458187,40
Rahmen f Schiebetürpaar mit Schiene,150x201,90458184,40
Rahmen f Schiebetürpaar mit Schiene,200x201,60458190,50
Rahmen f Schiebetürpaar mit Schiene,200x236,00458193,50
Rahmen f Schiebetürpaar mit Schiene,150x236,00458188,40
Rahmen f Schiebetürpaar mit Schiene,150x201,60458185,40
Rahmen f Schiebetürpaar mit Schiene,200x201,40458191,50
Rahmen f Schiebetürpaar mit Schiene,200x236,80458194,50
Rahmen f Schiebetürpaar mit Schiene,150x236,40458186,40
Rahmen f Schiebetürpaar mit Schiene,150x201,10458183,40
Rahmen f Schiebetürpaar mit Schiene,200x201,80458189,50
Rahmen f Schiebetürpaar mit Schiene,200x236,20458192,50
4 Paneele f Schiebetürrahmen,75x236,70587747,0
4 Paneele f Schiebetürrahmen,75x201,10587745,0
4 Paneele f Schiebetürrahmen,100x201,00587741,0
4 Paneele f Schiebetürrahmen,100x236,60587743,0
4 Paneele f Schiebetürrahmen,75x236,30510910,0
4 Paneele f Schiebetürrahmen,75x201,70510908,0
4 Paneele f Schiebetürrahmen,100x201,80510903,0
4 Paneele f Schiebetürrahmen,100x236,30510905,0
4 Paneele f Schiebetürrahmen,75x201,90421195,0
4 Paneele f Schiebetürrahmen,75x236,40421188,0
4 Paneele f Schiebetürrahmen,100x201,00421185,0
4 Paneele f Schiebetürrahmen,100x236,80421186,0
4 Paneele f Schiebetürrahmen,75x201,90575569,0
4 Paneele f Schiebetürrahmen,75x236,50575571,0
4 Paneele f Schiebetürrahmen,100x201,30575572,0
4 Paneele f Schiebetürrahmen,100x236,90575574,0
Treiber für kabellose Steuerung,30 W,60342656,0
Griff,143 mm,40588003,0
Griff,143 mm,80338413,0
Griff,335 mm,60338414,0
Griff,143 mm,00338407,0
Griff,335 mm,20338411,0
Griff,143 mm,70338418,0
Griff,335 mm,50338419,0
Griff,143 mm,00588000,0
Griff,143 mm,80588001,0
Griff,65 mm,20348896,0
Griff,394 mm,40553659,0
Kabelloser Dimmer/Schalter,NA,20528128,0
4 Paneele f Schiebetürrahmen,75x236,70480685,0
4 Paneele f Schiebetürrahmen,75x201,20480683,0
4 Paneele f Schiebetürrahmen,100x201,20480678,0
4 Paneele f Schiebetürrahmen,100x236,60480681,0
Trennsteg für Ausziehboden,75x58,80466797,0
Trennsteg für Ausziehboden,75x35,80467565,0
Trennsteg für Ausziehboden,50x58,20466795,0
Trennsteg für Ausziehboden,50x35,50467562,0
Trennsteg für Ausziehboden,100x35,10467559,0
Griff,170 mm,20316046,0
Griff,40 mm,00316047,0
Griff,426 mm,40318978,0
4 Paneele f Schiebetürrahmen,75x201,30382347,0
4 Paneele f Schiebetürrahmen,75x236,70382350,0
4 Paneele f Schiebetürrahmen,100x201,60382341,0
4 Paneele f Schiebetürrahmen,100x236,00382344,0
4 Paneele f Schiebetürrahmen,75x201,60373803,0
4 Paneele f Schiebetürrahmen,75x236,40373804,0
4 Paneele f Schiebetürrahmen,100x201,00373801,0
4 Paneele f Schiebetürrahmen,100x236,80373802,0
Griff,40 mm,60323592,0
Griff,120 mm,70323600,0
Griff,320 mm,50323597,0
Griff,520 mm,40323593,0
Griff,720 mm,70323596,0
Griff,1880 mm,30323598,0
Griff,2220 mm,10323599,0
Griff,40 mm,20334314,0
Griff,120 mm,50334303,0
Griff,320 mm,60334312,0
Griff,520 mm,50334317,0
Griff,720 mm,10334319,0
Griff,1880 mm,00334305,0
Griff,2220 mm,20334309,0
Griff,40 mm,80576183,0
Griff,120 mm,20576181,0
Griff,320 mm,00576182,0
Griff,520 mm,60576184,0
Griff,720 mm,30576185,0
Fach,31x34x33 cm,00186395,0
Fach,31x55x33,60290370,0
Griff,100 mm,30408682,0
Griff,300 mm,10408683,0
Griff,100 mm,30342479,0
Griff,300 mm,50342478,0
Griff,154 mm,00449636,0
Griff,346 mm,40449639,0
Griff,154 mm,20405759,0
Griff,346 mm,60405757,0
Griff,141 mm,90553685,0
Griff,141 mm,40565285,0
Schiebetürpaar,150x201 cm,10521537,30
Schiebetürpaar,150x236 cm,90521538,30
Schiebetürpaar,200x201 cm,70521539,40
Schiebetürpaar,200x201 cm,20521532,40
Schiebetürpaar,200x236 cm,30521541,40
Schiebetürpaar,150x201 cm,60521549,30
Schiebetürpaar,150x236 cm,00521552,30
Schiebetürpaar,200x201 cm,60521554,40
Schiebetürpaar,200x236 cm,90521557,40
Schiebetürpaar,150x201 cm,20510958,30
Schiebetürpaar,150x236 cm,80510960,30
Schiebetürpaar,200x201 cm,40510962,40
Schiebetürpaar,200x236 cm,00510964,40
Schiebetürpaar,150x201 cm,70521558,30
Schiebetürpaar,150x236 cm,30521560,30
Schiebetürpaar,200x201 cm,70521563,40
Schiebetürpaar,200x236 cm,20521565,40
Schiebetürpaar,150x201 cm,90510950,30
Schiebetürpaar,150x236 cm,50510952,30
Schiebetürpaar,200x201 cm,10510954,40
Schiebetürpaar,200x236 cm,60510956,40
Schiebetürpaar,200x236 cm,80521534,40
Griff,116 mm,00336432,0
Knopf,27 mm,40347508,0
Knopf,20 mm,20347509,0
Knopf,35 mm,60347507,0
Knopf,27 mm,80347506,0
Knopf,20 mm,30347504,0
Knopf,35 mm,00347505,0
Knopf,27 mm,00347510,0
Knopf,20 mm,50347503,0
Knopf,35 mm,80347511,0
Tasche,90x53x19 cm,20591049,0
Tasche,65x53x19 cm,10591059,0
Tasche,43x53x19 cm,60591047,0
Tasche,90x53x19 cm,50591062,0
Tasche,65x53x19 cm,70591056,0
Tasche,43x53x19 cm,60591052,0
Griff,213 mm,50357002,0
Griff,1650 mm,50404664,0
Griff,2100 mm,20404665,0
Griff,405 mm,10357004,0
Griff,597 mm,30357003,0
